{
    "name": "Weak Arms",
    "loading_priority": 10,
    "condition": {
        "inverted": true,
        "type": "origins:status_effect",
        "effect": "minecraft:strength"
    },
    "type": "origins:modify_break_speed",
    "block_condition": {
        "type": "origins:and",
        "conditions": [
            {
                "type": "origins:in_tag",
                "tag": "origins:natural_stone"
            },
            {
                "type": "origins:adjacent",
                "adjacent_condition": {
                    "type": "origins:in_tag",
                    "tag": "origins:natural_stone"
                },
                "comparison": ">",
                "compare_to": 2
            }
        ]
    },
    "modifier": {
        "operation": "multiply_total",
        "value": -0.95,
        "name": "Slow-breaking natural stone"
    }
}