{
    "name": "Cat Sized",
    "type": "origins:multiple",
    "modify_size": {
        "type": "extraorigins:modify_size",
        "scale": 0.65
    },
    "attribute_modifiers": {
        "type": "origins:attribute",
        "modifiers": [
            {
                "attribute": "minecraft:generic.max_health",
                "operation": "addition",
                "value": -2,
                "name": "Origin modifier"
            },
            {
                "attribute": "minecraft:generic.attack_speed",
                "operation": "addition",
                "value": 1,
                "name": "Origin modifier"
            },
            {
                "attribute": "minecraft:generic.movement_speed",
                "operation": "addition",
                "value": 0.15,
                "name": "Origin modifier"
            },
            {
                "attribute": "reach-entity-attributes:attack_range",
                "operation": "addition",
                "value": 0.15,
                "name": "Origin modifier"
            },
            {
                "attribute": "reach-entity-attributes:reach",
                "operation": "addition",
                "value": 0.15,
                "name": "Origin modifier"
            }
        ],
        "update_health": false
    },
    "jump_modifier": {
        "type": "origins:modify_jump",
        "modifier": {
            "operation": "multiply_total",
            "value": -0.3333,
            "name": "Origin modifier"
        }
    }
}