{
    "name": "Tressym",
    "description": "A tressym was a magical beast resembling a small winged cat. They could be found across the warm and temperate lands of Faerûn, and were most common in northern Cormyr, particularly in the village of Eveningstar where they were seen as good luck charms and mascots and praised for keeping down rodents",
    "powers": [
        "origins:elytra",
        "origins:fall_immunity",
        "origins:velvet_paws",
        "origins:nine_lives",
        "origins:weak_arms",
        "origins:scare_creepers",
        "origins:cat_vision",
        "catorigin:cat_sized",
        "wiicustomorigins:energetic"
    ],
    "icon": {
        "item": "minecraft:string"
    },
    "impact": 1
}